topic,term,weight
000,calendar,0.022415087
000,thing,0.0196241
000,app,0.0129327085
000,google,0.010788615
000,planner,0.013806387
000,work,0.015926212
000,reminder,0.008919233
000,journal,0.009605274
000,bullet,0.008945524
000,set,0.009191068
001,study,0.027854946
001,timar,0.022569863
001,focus,0.010798674
001,medication,0.010056756
001,exam,0.0066092764
001,notar,0.00945535
001,learn,0.0071593206
001,class,0.007107889
001,school,0.006121152
001,lecture,0.0049989717
002,work,0.03934848
002,help,0.014051296
002,record,0.0081846425
002,task,0.012902161
002,onenote,0.007975679
002,green,0.01123627
002,good,0.0097535355
002,brain,0.008660562
002,project,0.005636854
002,stuff,0.0070241285
003,thing,0.033570856
003,focus,0.018408416
003,brain,0.015287661
003,color,0.041237395
003,timar,0.017605027
003,adhd,0.01757582
003,life,0.011038312
003,learn,0.008497903
003,green,0.01053423
003,obsess,0.006335995
004,feel,0.03976706
004,people,0.03696162
004,make,0.022828367
004,thing,0.01912403
004,game,0.010507699
004,interest,0.0094446745
004,movie,0.008575919
004,friend,0.009787435
004,life,0.009921146
004,watch,0.009418039
005,timar,0.034445725
005,hour,0.02052828
005,night,0.012800969
005,long,0.012490982
005,start,0.014071164
005,laundry,0.008888987
005,clothe,0.008570192
005,spend,0.007823001
005,nice,0.0067252708
005,finish,0.006398022
006,phone,0.02746755
006,timar,0.0204308
006,lot,0.015659394
006,stuff,0.0134846615
006,work,0.018535662
006,impulsivity,0.00825096
006,buy,0.008419802
006,android,0.008615656
006,hate,0.0074006435
006,grayscale,0.0064845686
007,white,0.022929383
007,noise,0.012549528
007,blue,0.016256776
007,room,0.010006273
007,wall,0.009905684
007,light,0.011117382
007,black,0.011010791
007,stuff,0.009670566
007,home,0.008250327
007,switch,0.007739891
008,blue,0.04435405
008,white,0.015047255
008,orange,0.015717136
008,light,0.012095879
008,capsular,0.010273369
008,change,0.011651471
008,black,0.0108278105
008,side,0.011650255
008,20mg,0.010598378
008,http,0.008820415
009,sleep,0.030662788
009,night,0.023380514
009,hour,0.016994875
009,feel,0.023830745
009,light,0.014883668
009,bed,0.010477994
009,thing,0.01937232
009,asleep,0.008963766
009,timar,0.016269404
009,creative,0.0077110855
010,feel,0.037489183
010,day,0.023202037
010,normal,0.017175527
010,doc,0.011574868
010,dose,0.0105155995
010,lot,0.012906927
010,nbsp,0.010936877
010,headache,0.008703643
010,concerta,0.0085283425
010,experience,0.010676234
011,test,0.074100025
011,adhd,0.032024246
011,brain,0.012062722
011,show,0.010791212
011,memory,0.011602108
011,diagnosis,0.009521752
011,diagnose,0.010495727
011,result,0.00917743
011,assessment,0.008895622
011,letter,0.006158155
012,app,0.045281935
012,task,0.044191055
012,list,0.022520803
012,calendar,0.017882308
012,reminder,0.011806591
012,set,0.0121301245
012,call,0.013116859
012,good,0.012626237
012,work,0.01693181
012,timar,0.017125802
013,color,0.081182204
013,code,0.0376336
013,pen,0.03785648
013,red,0.021981359
013,black,0.019034376
013,system,0.01829881
013,specific,0.014412274
013,category,0.013574381
013,blue,0.017082982
013,school,0.011606265
014,hair,0.04998633
014,cut,0.016705506
014,shower,0.010330054
014,style,0.009834873
014,wear,0.00930812
014,make,0.015523382
014,short,0.007270041
014,picture,0.0068086903
014,shave,0.0063736495
014,leave,0.0070882183
015,test,0.04783452
015,attention,0.023984542
015,watch,0.020597192
015,dar,0.015728299
015,documentary,0.014830621
015,game,0.012796709
015,call,0.014200525
015,talk,0.012679207
015,text,0.011097977
015,sbs,0.009835123
016,pen,0.06234397
016,lose,0.020583153
016,write,0.013925678
016,fountain,0.010169288
016,losar,0.009663659
016,ink,0.00865736
016,draw,0.0079503795
016,plane,0.0072148615
016,leave,0.008213408
016,airport,0.0070508276
017,lot,0.033864167
017,test,0.02728108
017,prep,0.021669865
017,silly,0.020905377
017,code,0.026288034
017,color,0.046528906
017,write,0.021276832
017,find,0.023805391
017,tip,0.017930534
017,drop,0.016180728
018,side,0.036223315
018,effect,0.03203018
018,urine,0.02646374
018,eat,0.02555301
018,doctor,0.01989188
018,orange,0.022642639
018,day,0.023082826
018,blood,0.016289089
018,strattera,0.013622696
018,sodium,0.013086958
019,red,0.061420225
019,code,0.058317162
019,color,0.07212184
019,task,0.04750511
019,list,0.04505467
019,green,0.028593902
019,yellow,0.023835728
019,appointment,0.021351984
019,traditional,0.020337047
019,system,0.02109483
020,read,0.06315071
020,subreddit,0.026049709
020,thing,0.034205407
020,design,0.024486538
020,rainbow,0.024407413
020,dark,0.023849059
020,paragraph,0.016474918
020,remember,0.021610584
020,app,0.017661966
020,reddit,0.015482151
021,feel,0.056187518
021,couple,0.02696585
021,observation,0.026153255
021,enjoy,0.026966184
021,pop,0.026140707
021,personal,0.026621303
021,line,0.020341134
021,lose,0.019376377
021,green,0.021044683
021,blue,0.022532813
022,plant,0.08221084
022,meds,0.044298045
022,water,0.027984349
022,plan,0.024622371
022,month,0.023303652
022,forget,0.021282991
022,period,0.01666113
022,make,0.019908106
022,schedule,0.013612667
022,remind,0.012061268
023,sound,0.03616224
023,literally,0.03109154
023,understand,0.03053589
023,bright,0.029574554
023,attention,0.025203722
023,ritalin,0.019289868
023,start,0.022167735
023,talk,0.01939714
023,weird,0.018003395
023,focus,0.019090826
024,pen,0.07447026
024,notar,0.06549471
024,think,0.057914168
024,take,0.050364293
024,read,0.035962824
024,color,0.058992673
024,focus,0.03314494
024,class,0.028816069
024,word,0.026943425
024,strategy,0.026232269
025,planner,0.11458401
025,undated,0.0355105
025,journal,0.03375231
025,find,0.036282726
025,weekly,0.0270556
025,daily,0.025799748
025,monthly,0.02512639
025,action,0.024614435
025,agendum,0.024055406
025,minimalist,0.02353476
026,adderall,0.0643192
026,20mg,0.05968684
026,bottle,0.05861946
026,generic,0.052705843
026,pill,0.04438119
026,xr,0.040679585
026,dosage,0.03994426
026,curious,0.03508407
026,marking,0.034632012
026,capsular,0.02339491
027,eye,0.13907379
027,remember,0.101960935
027,friend,0.0364975
027,face,0.027886376
027,notice,0.028370965
027,color,0.052329317
027,people,0.031043794
027,person,0.020299468
027,close,0.017019551
027,forget,0.015871715
028,color,0.14505723
028,orange,0.06713389
028,adhd,0.055041682
028,decidir,0.044923708
028,ribbon,0.044343907
028,awareness,0.036455635
028,find,0.032885727
028,minutar,0.026518261
028,blue,0.024303613
028,change,0.019864926
029,generic,0.07589706
029,pill,0.0644208
029,bottle,0.048208497
029,brand,0.043459326
029,pharmacy,0.04203254
029,white,0.035535805
029,pick,0.029186625
029,medication,0.030436343
029,wrong,0.028780665
029,side,0.030544499
